"TotMilch_Menge_inkl_LI","CH_Milchpreis","Molkerei_Milchpreis","Verkaest_Milchpreis","Gewerblich_Milchpreis","Bio_Milchpreis","EU_Milchpreis_CHF","Kurs_CHF_Euro","Total_Staatlich_Zahlung","staatlich_kg_Milch","Kontingent_01","Freihandel_01","EU_Politik_01","Industriell_verk채st_Milchpreis","Import_Menge_K채se_und_Quark_kg","Schlachtungen_K체he","Magermilchpulver_Prod_Menge","Vollmilchpulver_Prod_Menge","Butter_Prod_Menge","Export_Menge_K채se_und_Quark_kg","Milchpreis_NZ_Euro"
252641,80.69,79.6892651086035,79.95,78.41,91.83,49.627051,1.6097,38803433.55,15.3591196797036,1,0,1,81.2863009665862,2134511,NA,NA,NA,NA,3695102,15.75
250995,80.19,79.2007841329699,79.76,78.8,91.77,48.576587,1.6069,62519596.6999999,24.9087020458574,1,0,1,80.5633680211257,2528832,NA,NA,NA,NA,3955503,15.75
281466,79.66,78.7119415653044,78.6,78.52,91.02,47.399884,1.6046,60657618.05,21.550602221938,1,0,1,78.6755545019177,2627543,NA,NA,NA,NA,5005533,15.75
290366,78.28,77.4777136212004,78.1,77.97,90.1,45.24675,1.5738,61471525.4999999,21.1703593051528,1,0,1,78.2078668549164,2454816,NA,NA,NA,NA,3990677,15.75
298292,75.58,73.4473165248244,75.62,78.06,91.54,43.971125,1.5565,65775026.25,22.0505498806539,1,0,1,73.8978928964785,2925305,NA,NA,NA,NA,4408835,15.75
259239,78.33,76.6056129180653,77.47,78.33,94.05,44.06435,1.5598,73322535.5,28.2837595809273,1,0,1,76.8934659970765,2552003,NA,NA,NA,NA,3916688,19.72
255706,79.2,78.4366768213274,78.61,78.95,95.67,46.36892,1.5508,65498540.0499999,25.6147841857445,1,0,1,78.4308335428353,2415980,NA,NA,NA,NA,4351183,19.72
234750,80.23,79.175096116627,79.98,79.91,96.67,48.676656,1.5512,68793011.5,29.3047972310969,1,0,1,80.0200871666674,2956831,NA,NA,NA,NA,4569101,19.72
262829,81.12,79.8840065474968,80.58,80.51,96.54,49.0212,1.53,67401524.5999999,25.6446300065822,1,0,1,80.6191671446787,2674405,NA,NA,NA,NA,6159278,19.72
266645,80.27,78.8492155272526,80.49,81.06,96.23,50.54422,1.5133,73470550.5999999,27.553695212736,1,0,1,80.1916866429789,2351454,NA,NA,NA,NA,4143877,19.72
260321,79.6,78.3254831347074,79.35,80.03,95.62,51.146106,1.5213,55859580.5999999,21.4579617472274,1,0,1,78.9872585383946,2430292,NA,NA,NA,NA,4661262,19.72
283805,79.72,78.198268921353,79.57,79.99,95.08,49.748745,1.5135,65884217.6999999,23.2146078117017,1,0,1,79.30569039523,2776439,NA,NA,NA,NA,5021449,19.72
273767,79.48,78.2334519320528,79.28,79.51,95.4,49.970988,1.5291,35507998.7833333,12.970153007241,1,0,1,79.1031242743184,2503567,15437,1885,1197,4214,3957109,17.89
251207,79.28,78.0095777197447,79.02,79.39,95.56,49.41239,1.5355,31272736.8833332,12.4489910246662,1,0,1,78.7561550144097,2403726,11851,1702,1386,3588,3938958,17.84
290686,76.6,75.016108160207,77.39,79.54,92.37,48.128838,1.5357,37159464.0833332,12.7833690247667,1,0,1,75.7386671101851,2892806,12630,1877,1819,3732,4774816,17.35
290469,76.25,74.6050427015844,76.7,79.21,92.26,47.664866,1.5287,37008972.3833333,12.741109165981,1,0,1,75.2705896714126,2462995,10978,1989,1968,3955,4267277,17.19
303318,77.68,76.2093857354461,77.67,79.55,92.93,47.667396,1.5337,34364155.1333333,11.329415047354,1,0,1,76.5456466115279,2675176,12322,2911,1125,4403,5151557,18.21
270196,80.06,78.9312822943021,79.58,79.85,95.77,47.9283,1.5225,54596232.5333332,20.2061586897412,1,0,1,79.4354189321008,2692085,11873,1313,1197,3140,8729645,19.53
261197,81.56,80.7979869803373,80.31,79.97,98.46,49.049294,1.5134,44128773.9333333,16.8948241876183,1,0,1,80.4973045000828,2686370,12672,966,1206,2882,1750168,19.11
249447,82.4872237890251,81.421269213372,82.15,80.75,97.64,51.247296,1.5144,48459141.6833333,19.4266283752995,1,0,1,82.8657998085846,2906555,14296,1048,1115,2506,2634459,19.25
265896,83.1634886345225,82.1670995234897,82.7,81.34,98.11,51.783849,1.4919,38012648.0333332,14.2960586219173,1,0,1,83.369646311211,2401143,16347,914,1195,2562,3683928,18.5
273803,82.0631390614662,80.8225764360803,82.03,81.64,95.68,51.919164,1.4796,38680279.9333332,14.1270475244366,1,0,1,82.2252203375514,2422224,18197,1142,1260,3235,4581360,18.42
247304,81.2791775398477,80.1016956632462,80.73,81.81,96.6,52.016755,1.4665,47856614.6333333,19.3513306025512,1,0,1,80.0988095601636,2495920,19925,1035,1104,2414,5410227,18.86
256771,81.22,80.03,81.02,81.36,96.25,51.320383,1.4743,44541545.6833332,17.3467976069468,1,0,1,80.7808679299916,2702333,13320,1952,989,3027,4219981,18.77
266933,80.47,79.21,80.46,81.02,95.66,49.210182,1.4738,49717176.6833333,18.6253391987253,1,0,1,80.0350301132728,2412422,18424,1715,1122,4136,4174926,19.34
251263,80.52,79.38,80.09,80.68,96.49,47.94163,1.4774,45989800.4333331,18.3034511381831,1,0,1,79.6423715943743,2539678,13426,2416,1272,3997,3379912,19.39
288821,78.64,77.54,78.25,79.77,94.06,46.25668,1.468,48826245.5833332,16.9053654628068,1,0,1,77.1281962173312,3381371,13455,2432,1592,4043,4786030,19.9
294299,77.66,76.2,78.05,79.94,93.58,44.0533,1.466,47544420.8333333,16.1551418228853,1,0,1,76.7710036572283,2695322,13417,3318,1415,4452,4011162,20.16
310965,76.29,74.95,76.64,78.7,90.55,42.710444,1.4567,52026715.7333332,16.7307303823045,1,0,1,75.2790866953849,2434538,13874,3163,1323,4520,4097460,20.26
268492,78.66,77.58,78.2,78.83,93.44,42.867708,1.4716,47016937.1833333,17.5114853266888,1,0,1,77.915578005471,2293188,12386,1344,1302,3128,5778011,14.05
263516,79.37,78.52,78.68,79.66,94.22,43.570854,1.4626,45287887.4833332,17.1860105205503,1,0,1,78.2263170362704,2712329,13124,2274,967,3855,2765125,13.29
248204,77.25,75.54,78.69,79.91,91.12,45.219871,1.4639,43053786.9833333,17.3461293868484,1,0,1,78.5537058820079,2380374,13584,2724,636,3310,2751462,13.01
265465,78.58,76.75,81.05,81.21,92.76,46.44367,1.4651,45668392.5833332,17.2031689990519,1,0,1,80.9793208510881,2548143,16572,1940,1603,2887,3920858,13.15
261665,80.56,79.28,81.7,80.47,95.06,47.872932,1.4649,49716005.5833332,18.9998683749578,1,0,1,82.2639639561907,2615427,20793,1040,2583,2568,4559989,13.45
240337,77.31,76.42,76.13,76.51,91.02,48.024729,1.4673,43716245.9833332,18.1895613173724,1,0,1,75.9924041881515,2604972,17564,1136,2122,2443,4743279,13.61
253214,75.86,74.98,75.76,76.15,90.23,47.28428,1.468,37152755.7333333,14.6724729806935,1,0,1,75.7159906258276,2645709,13695,3516,2266,2945,4978475,13.73
261805,75.41,74.33,75.63,76.02,90.49,45.506776,1.4623,47674360.35,18.2098738946926,1,0,1,75.5892051167145,2316106,17641,2298,2697,3775,3888801,13.96
244912,75.59,74.7,75.49,75.82,89.68,44.925664,1.4672,47821415.5,19.5259585075456,1,0,1,75.487366378373,2367283,14951,2577,1480,3632,4567195,14.09
286700,73.28,72.35,73.18,74.75,87.07,43.46771,1.469,49186507.8499999,17.1560892396233,1,0,1,72.3958549947366,2662540,14250,2913,1494,4004,3379657,14.06
290040,72.49,71.4,72.79,74.44,86.49,43.06752,1.4954,51832269.15,17.8707313301614,1,0,1,71.9012434085774,3071314,11194,3094,1947,4371,4014871,13.93
303425,72.64,71.68,72.48,73.76,86.01,42.86884,1.5148,51409870.7999999,16.9431888605092,1,0,1,71.8986573514401,2959978,13086,3638,1818,4302,3854307,13.66
256585,74.23,73.3,73.66,74.07,88.21,43.394382,1.5399,50832705.9499999,19.8112539509324,1,0,1,73.6921178633378,2646728,12504,1886,1111,2907,4331724,15.9
252669,74.5,73.69,73.66,73.86,88.8,44.773074,1.5471,51187816,20.2588429922151,1,0,1,73.7861319328211,2712015,14105,2047,1226,3161,4041132,16.47
244176,77.01,76.02,76.78,74.02,92.15,46.427656,1.5404,55000511.4,22.5249456949086,1,0,1,78.1609866606883,2644339,16318,1625,1043,2619,3045172,16.69
270103,78.22,77.41,77.69,75,92.9,48.201404,1.5469,56248412.7999999,20.824801205466,1,0,1,79.1699033571965,2974617,15367,1534,1541,2394,6377065,16.61
266266,78.896,77.4265270765504,77.57,75.35,92.31,49.632086,1.5481,57740156.1,21.6851404610427,1,0,1,78.8414572775538,2334626,18167,1880,1387,3057,3504431,16.42
242368,77.3577985154126,76.1452599888223,75.68,74.7,88.9637294074653,50.283662,1.5587,56989394.7,23.5135804644177,1,0,1,76.4802160723156,2478452,16040,1647,1379,2396,4245495,17.14
255469,76.7883542753395,75.4288288038967,75.56,74.71,88.0591236627545,48.621723,1.5549,47280886.0499999,18.5074846850302,1,0,1,76.1314787887288,2909446,12996,2676,1275,3561,4538342,16.81
265834,76.3167851864506,75.1018945055943,74.94,74.26,87.1271732221668,48.580422,1.5661,48191589.9833333,18.1284523361697,1,0,1,75.4469864464719,1949501,16801,2707,1443,4114,3693920,17.01
257450,75.8560113711369,74.728908120662,74.69,74.07,86.1962975212374,47.853702,1.5731,47805230.3333332,18.5687435748041,1,0,1,75.1488828366471,2334921,13923,2486,1070,3470,3727363,17.47
284428,74.5074308153767,73.4105171547239,73.04,73.73,85.0944738897747,46.669014,1.5666,46317883.7333333,16.2845724518449,1,0,1,72.6115153826674,3048801,12760,2824,1395,3939,4858134,17.19
286692,72.3067893046049,71.1368377532408,71.19,73.05,82.5626813592461,42.925267,1.5547,53171582.8833332,18.5465875864458,1,0,1,70.0213458356111,2750956,9176,3867,831,4708,4261547,17.05
307291,70.5680795367501,69.3376638613202,69.9,71.79,79.748315764388,42.341184,1.5408,53623297.5333332,17.4503312929221,1,0,1,68.6982874059835,2658475,12397,3118,1322,4256,2995358,16.37
268627,73.0797945026503,71.4022431715043,72.9,72.31,84.1075972265335,41.779437,1.5187,56296269.4333332,20.9570405928418,1,0,1,73.2158541324667,2877896,11198,1844,1320,3237,4081066,15.05
253391,74.2801856154485,72.530585218597,73.94,72,86.9266793733607,43.66648,1.5268,48930189.7833332,19.3101529980675,1,0,1,74.8455486388155,2678615,10381,1752,1364,3132,3672589,15.34
244841,76.1492615664231,74.2611257932302,76.17,72.93,89.6911547328123,45.06633,1.5381,48858403.4833332,19.9551559923923,1,0,1,77.5396465013897,2853688,13229,1222,1543,2547,3826184,15.63
271017,77.0558735117792,75.5649414203011,76.23,73.66,90.3545327531802,46.524465,1.5431,46936603.8833333,17.3186936182355,1,0,1,77.537408712629,2631416,14034,1009,1780,2213,4693264,16.49
269477,76.589304446506,75.040474682106,75.72,73.65,88.4584987217197,47.592295,1.5427,46803976.5333333,17.3684494533238,1,0,1,76.8654798774697,2326323,16142,1485,1897,2600,4689466,16.72
243708,75.1402279771253,74.0421589376748,74.23,73.8,84.7848863439257,47.413415,1.5221,45189190.3333333,18.5423499980851,1,0,1,74.470219986094,2569869,17555,1307,1428,2485,5331122,17.51
259229,74.932447514723,73.6535517454286,74.31,73.68,84.0536175269038,47.259643,1.5359,53300893.6333332,20.5613159150146,1,0,1,74.7751942961994,2854679,11345,2541,1439,3336,5062137,17.31
269538,74.3381160250313,73.1660938817181,73.6,72.8,83.6732944690743,45.797787,1.5467,34651761.1333332,12.855983621357,1,0,1,74.1968378463205,2212935,14739,2325,1989,3994,3739054,18.22
249044,72.7650680081268,71.8373260123799,71.68,73.45,81.7464421422286,45.598058,1.5499,46312085.9333333,18.5959452680383,1,0,1,70.4504870404051,2406026,11413,2542,1203,3447,3964359,18.67
289220,71.9739201164634,71.1156490242276,71.03,72.53,80.1870224064925,44.499897,1.5489,48448176.4333332,16.7513230182329,1,0,1,70.1039743776319,3047103,11525,2840,1578,4146,4700404,18.78
292360,71.2975573094238,70.4058299951843,70.39,72.08,79.4380965830097,42.916554,1.5471,53597873.1833333,18.332833897706,1,0,1,69.2938318646882,2529666,9684,3662,1369,4308,4159104,18.89
304655,68.0471558521156,67.0330125805002,68.41,71.44,73.4669133183979,42.312072,1.5448,54874932.7833332,18.0121556460039,1,0,1,66.4842966325701,2890432,13972,3005,1325,4418,3932453,19.24
266827,70.4743270806536,69.0756833084454,70.44,71.06,80.3550474823487,42.22359,1.5382,54795662.0833332,20.5360259956201,1,0,1,70.1494169898093,2695134,10897,2093,1361,3242,3607423,16.91
254470,71.8981889904616,70.0261444673475,71.91,71.82,84.1809055371482,43.517733,1.5581,49700574.2333332,19.5310151425839,1,0,1,71.951262199097,2431791,10177,1635,1133,2813,4019266,16.39
245169,74.1780675490401,72.1531191037619,74.52,72.65,86.258137275873,45.211712,1.5526,49433926.8833333,20.1632045174281,1,0,1,75.3200216143447,2854693,13460,1128,1275,2477,4123729,17.09
266546,74.7102812449211,72.8869740289968,74.47,73.03,87.0225118946673,46.101216,1.5491,49109706.7833333,18.4244771196466,1,0,1,75.1614096227943,2529644,14977,1136,1396,2197,4757157,17.24
268840,74.6875372919239,72.9298804854307,74.7,73.53,85.5175218303851,46.823247,1.5489,53549055.0333332,19.9185593785647,1,0,1,75.3111153780039,2550324,15890,1530,1595,2362,4562453,17.54
243500,72.9610440823508,71.5226954828885,72.89,74.07,81.8056460912736,46.804108,1.5452,51617460.6333333,21.1981357837098,1,0,1,72.2289595663594,2875327,16474,1636,1367,2250,5339994,17.68
253052,72.6889784864563,71.1467498181863,73.21,74.57,81.1971962282314,46.35661,1.5478,59979820.0333333,23.702567074488,1,0,1,72.3918811105321,2889369,10861,2252,944,2914,4803074,17.69
262690,72.8034355540436,70.9822686931133,73.24,73.82,80.371973312579,44.61408,1.5491,32769156.8999999,12.4744592104762,1,0,1,72.3737439309341,2305601,15982,2567,1412,3826,3675728,17.15
248074,71.6610581925368,69.8494152281633,71.45,73.99,78.8882728581218,44.334988,1.5578,47361120.75,19.0915294428275,1,0,1,67.6558592438871,2490154,10972,2305,1311,3141,3830563,17.01
286167,71.0360600209011,68.718721278247,71.14,73.65,77.6120839395577,43.267504,1.5688,50101693.85,17.5078516565502,1,0,1,67.3733909872978,2902580,10755,2578,1086,4136,4294194,16.24
290643,70.1439477414298,68.011049024596,70.58,73.1,74.2183844799889,42.144324,1.5749,52560905.9,18.0843529347,1,0,1,66.8014340695399,2634892,8355,3229,1225,3996,3655129,15.59
304211,69.9409641276112,67.4264910067572,70.73,73.59,75.1455133580289,41.293945,1.5565,46986597.8499999,15.4453973886546,1,0,1,66.4426501036442,3219185,16002,2997,1553,4045,4269473,15.2
266436,71.4972058926652,69.4473221813127,71.77,73.44,79.7049177801135,41.2932,1.56,54445942,20.4349044423426,1,0,1,69.2661697524143,2896319,11986,1915,1308,2908,3880051,14.97
252642,72.6382830067278,71.0531390329309,72.61,73.45,82.2723584963394,41.991422,1.5686,49248293.05,19.4933118998425,1,0,1,71.3587493316002,2693350,11302,1526,1064,2912,3866124,14.87
248366,74.7032722943522,73.7047669875146,74.13,74.28,85.0990932417485,44.26465,1.5775,45083876.35,18.152193275247,1,0,1,73.9163014907685,2991848,14423,797,1361,2287,4414459,15.16
269284,75.0937366598799,73.7578564194783,74.98,74.88,85.1731357333786,45.357168,1.5837,46032816.1499999,17.0945233099627,1,0,1,75.1288516078069,2667566,14064,867,1575,1987,4208745,15.72
268096,74.5732607965187,72.8943911417727,74.86,75.11,83.9515464577391,46.26027,1.5897,47714300.45,17.797468238989,1,0,1,74.4915805393391,2748429,16806,1553,1590,2360,5234984,16.04
249141,73.6837348728305,71.7732826491886,74.32,75.42,81.7418884859174,46.874368,1.5922,47692593.4,19.1428120622459,1,0,1,72.6808718811732,2909739,15960,1461,1075,2266,4861044,15.88
259223,73.1070055514127,71.2901343880719,73.74,75.15,81.2857475506083,46.285434,1.5966,48385216.9,18.6654798763999,1,0,1,71.6331710577749,2900386,10995,2009,1197,3029,4752735,16
274482,70.43817512273,68.4029004394123,71.24,72.79,78.6019637188786,46.402904,1.6157,39895927.0499999,14.5349884691892,1,0,1,68.9143786866857,2667115,16705,2379,1505,3640,3695667,16.88
255294,68.1528631434603,65.7034604748742,69.42,71.85,74.246556488888,46.320541,1.6213,42668894.45,16.7136299521336,1,0,1,65.7710205902721,2580402,11517,2419,1102,3315,3861854,16.74
292819,67.4959287158972,64.8741518849555,68.86,71.62,74.0388444312689,44.959288,1.6126,42868884.8499999,14.6400625813215,1,0,1,64.723723730514,3058447,10965,2535,1103,3777,4216551,16.66
303826,66.9308960823438,64.1679822850518,68.52,71.11,72.1559779837275,45.159492,1.6374,49176118.6999999,16.1856189727014,1,0,1,64.6455223968437,2898393,8658,3546,1437,4186,3686466,17.98
300271,66.4594620610492,63.1868840750858,68.03,71.03,71.463057783421,45.6885,1.65,44762910.05,14.9075035717735,1,0,1,63.5335236846267,3135351,12771,2963,1450,3743,4372489,17.95
258910,69.4315105782381,67.3010333533275,69.86,71.26,78.7401753410985,47.359746,1.6542,52969154.1499999,20.4585200069522,1,0,1,67.7469399527237,3219528,11184,1185,1245,2271,3952537,23.72
252517,71.3477787017252,69.6117488255066,71.64,72.6,79.7542909484757,50.297412,1.6567,47205899.1499999,18.6941469881235,1,1,1,70.195255186954,3481920,10790,1627,1185,2765,4280647,27.89
248753,72.9621670633646,71.7268426279443,72.88,73.12,82.1564101239271,54.093231,1.6377,45902727.2499999,18.4531351380686,1,1,1,72.5167936168303,3389246,12300,1979,1411,2507,4683940,26
275651,73.7924262235943,72.4150804501066,73.62,74.02,84.6759436766444,58.272075,1.6475,44867943.8499999,16.2770836492521,1,1,1,73.0160654552558,3206180,12451,1066,1428,2257,5161214,24.96
278300,74.447803505918,73.1261747000758,74.59,74.34,82.8475758953458,64.828224,1.6704,43198779.6999999,15.522378620194,1,1,1,74.966617633872,3280454,15159,1997,1753,2691,5880142,25.98
250520,75.7055155903988,73.8377439042361,75.89,77.58,83.0572531462965,64.6212,1.6485,48130168.7,19.2121062988983,1,1,1,73.3573545460585,3186369,14906,865,1608,4195,5612896,27.31
268744,75.4051977808097,73.5708714886615,76.01,77.97,82.2510280503593,64.735158,1.6586,36483355.55,13.5755051461614,1,1,1,73.0850402113491,3225446,9630,2292,1547,3240,4916670,27.73
283552,77.2094005814796,75.3916655216216,77.64,79.21,85.48672051981,62.392406,1.6189,39647194.9333333,13.9823365496746,1,1,1,75.2785360376467,3148893,14714,2686,1657,4303,5089345,27.55
277011,74.9277777548332,72.3900499461634,76.47,78.5,82.5307463658613,60.744512,1.6087,37768018.9333333,13.6341224476044,1,1,1,73.4171601201168,3144682,11105,2481,1514,3802,4957778,28.3
309682,73.5368535628158,71.0836093841125,74.91,77.9,79.7984359309287,57.18804,1.5711,36140043.6333332,11.6700498037772,1,1,1,70.4388641042083,3487660,9613,3007,1411,4686,4309408,28.71
306262,73.2860616204354,70.618308200803,74.47,77.6,79.9501134592555,55.057254,1.5954,41536545.9833332,13.5624223649468,1,1,1,69.7622707933342,3276670,10240,3021,1285,4502,4328805,27.84
321254,72.4569583815616,69.0830871741093,74.22,77.42,79.4490574504358,55.233,1.6245,38995321.4333332,12.1384703173605,1,1,1,69.4278561499874,3581429,13590,3259,1466,4750,3510415,30.04
274310,76.4232983204969,74.6297836489271,76.57,78.35,84.9374727984372,53.771816,1.6138,48243640.0333332,17.587269889298,1,1,1,73.903398593913,3590328,11167,1538,1615,3154,4049196,29.47
273280,82.1281492144423,82.4947539312002,80.77,80.54,92.1766615166881,55.210446,1.6186,41397564.5833332,15.1484062439012,1,1,1,81.1204522152983,3382507,11400,2399,886,3951,4087941,25.5
265677,83.5786120989512,84.0194235881956,82.22,81.12,93.3192722289653,56.730204,1.6204,40634537.0333332,15.2947138944407,1,1,1,83.8669546308555,3542640,13260,1946,1161,3083,3988320,23.77
287376,84.3049703800126,84.6897488010584,82.98,82.21,94.3791506247612,55.951005,1.5945,42132106.4333333,14.6609690556391,1,1,1,84.1401233829293,3612502,14379,1678,1423,3025,5076993,23.58
287251,83.8787061970663,83.616117022513,83.38,82.75,92.4082451306819,51.413164,1.5202,41495488.1833333,14.4457245347565,1,1,1,84.3408213454946,3211963,17762,1370,2251,3394,5270438,20.92
262213,79.8246074289752,78.2487630124886,79.97,81.34,89.0381483519499,49.69856,1.5152,41345617.1333333,15.7679509152229,1,1,1,77.906474095137,3293249,16612,1096,2360,2766,5732126,20.31
275179,79.8901206021573,78.2160399248687,80.28,81.77,87.4678535210023,47.607524,1.5397,35338630.3833332,12.842052040066,1,1,1,78.0371791070798,3796959,14120,3028,1127,4347,5740874,16.11
284927,74.2247083871433,71.3782038606887,76.26,79.41,80.3991211574165,43.87878,1.494,41577653.1833332,14.5923879391329,1,1,1,71.5487574546334,2844961,15943,3492,1391,4749,3965270,16.1
267204,71.1738527408133,67.6506680709369,74.18,78.54,78.6490519375947,42.36001,1.4905,35271961.0833333,13.2003866271962,1,1,1,67.6487724022121,3378074,12795,3589,891,4404,4247177,15.59
306899,68.7852281270266,64.7692332310947,72.42,77.15,76.0230813293012,39.884996,1.5068,33981515.7333333,11.0725403905954,1,1,1,65.3271957299418,4162785,14869,4464,986,5383,4977258,16.09
313905,64.9454396330175,59.6546831633139,68.52,73.76,76.9451202536536,37.089648,1.5151,36832933.9833332,11.7337837827793,1,1,1,60.6618697836593,3651781,13547,4676,801,5201,4611739,17.08
320816,63.6996299184199,59.562540031066,67.15,71.27,73.5252801493848,36.872802,1.5118,39439314.1833333,12.2934374168786,0,1,1,60.9782948981747,3604862,11107,3771,2236,4602,4495118,17.53
281103,66.6054050905753,63.4370758142907,69.3,72.25,79.0999702073265,37.150685,1.5145,36806479.5833333,13.0935918803191,0,1,1,64.8640032880593,3935696,12743,2943,1347,3684,4085969,15.78
268215,64.5101159797948,60.2103625076736,69.25,72.58,79.4969371609031,37.837778,1.5202,34301075.0833333,12.7886490626301,0,1,1,64.2552949053537,3688596,11950,2500,1176,3378,4234683,15.8
260182,64.5283390723036,61.2923976915476,69.08,71.98,78.7797697315128,39.10584,1.524,33633087.0333333,12.9267539773441,0,1,1,64.7224105558006,3773624,14465,1962,1356,2779,4453661,18.37
286090,65.1489981913201,61.6020427749325,69.71,72.54,78.8745503519646,39.83924,1.5148,34148663.0333332,11.9363357801158,0,1,1,65.4757479698968,3835081,15546,1914,1402,2996,5159274,18.72
288155,65.713022289385,62.5631020262083,69.91,72.76,77.2962437154212,40.75688,1.514,36969800.6833332,12.8298314043946,0,1,1,65.6198334466091,3411515,17619,2427,1367,3473,5204929,22.92
260678,64.4360483036447,60.906375730854,68.87,73.25,75.0182176098677,42.89536,1.5104,35081390.8333333,13.4577489597639,0,1,1,62.3159087514523,3782531,18590,1901,1426,3208,5786153,22.49
277178,64.1607218458838,60.7999466830778,68.91,73.44,76.3761165436941,42.535775,1.5025,29356649.8333333,10.5912625941934,0,1,1,62.1248035383034,4031399,13962,3181,1287,4037,5796309,22.58
288675,64.1057028912025,60.9158867451556,68.8,73.21,73.8154134034537,42.735698,1.4767,31591463.9499999,10.9436092318351,0,1,1,62.1836466805558,3022926,15260,4251,1104,5179,4459291,23.6
271015,62.9659800282215,59.8429549752292,67.67,71.98,72.6367568738276,42.008799,1.4673,30140251.35,11.1212483995351,0,1,1,61.2151296012505,3528541,12850,3434,1044,4298,4598130,23.64
312674,62.3509793509347,59.0010492095591,66.89,71.53,71.8962166572766,40.743492,1.4484,29694275.2,9.49688020110402,0,1,1,59.9307008808163,4664846,15290,4328,1381,5223,5493918,25.58
319478,60.5170409556751,56.8268889286315,65.64,70.41,71.2998421205201,40.407302,1.4339,32482913.25,10.1674961186686,0,1,1,58.4782243373385,3724190,12922,4512,1384,5364,4337586,26.26
323840,60.0017061145617,56.1708597715387,64.92,69.77,70.1148716566331,40.793727,1.4199,32736674.3499999,10.1089038877223,0,1,1,57.6365776677375,3928961,12514,3607,1615,5003,4544044,24.15
278439,61.8608024728371,57.7614745455412,66.39,70.6,73.7009336989483,40.826136,1.3774,34323610.1499999,12.3271560916394,0,1,1,60.0890944614614,4409174,12118,1543,1524,3520,4086643,30.14
265886,63.3376599709216,59.5058339753748,67.56,71.17,77.877977716565,41.207789,1.3471,31744784,11.9392461430839,0,1,1,62.1518246879944,3684142,12146,1630,834,3364,4165362,29.32
263199,64.5358973168346,60.6892323206031,69.32,72.43,79.8789444412375,42.620472,1.3428,29357551.35,11.1541272383254,0,1,1,64.6562144001107,4022696,14729,1557,1342,2933,4578220,29.09
289365,65.2831887104542,60.8970724057232,71.11,74.23,80.4737255163289,42.748695,1.3085,31496951.4499999,10.8848518134536,0,1,1,66.4303325383151,3775527,15154,1369,1464,2665,4625081,29.21
287776,65.5687238978779,61.6089458840221,71.46,74.61,77.4535334655978,44.259768,1.3461,33385590.3,11.6012420424219,0,1,1,66.7525518073211,3782530,17445,2252,1547,3347,5346707,29.71
262392,64.2847810467347,60.5588603794958,69.06,72.48,76.4500916454008,44.785295,1.3445,32427035.9999999,12.3582411049117,0,1,1,63.9285838199449,4089703,20046,1786,1499,3447,6218366,30.92
274881,64.1183562684048,60.8863413543356,69.07,72.52,75.5302506694042,42.57995,1.2806,35151663.0499999,12.7879566248667,0,1,1,63.8981092711098,4257008,14043,2937,1125,4232,5926062,31.16
287611,62.8569061125772,59.9354113523975,67.59,70.51,74.9626750697018,42.375164,1.2779,32355304.5333332,11.2496756150958,0,1,1,63.2144889520424,3314861,18518,3119,1328,4897,3986279,33.89
269134,62.8905175117951,60.4526879764937,66.26,69.47,74.0760117380481,43.17678,1.2966,29722188.0833332,11.043639259006,0,1,1,61.443133444317,3819394,13989,2559,1135,4060,4587533,32.97
309336,61.9732602752571,59.4636895892771,64.8,68.83,73.3473424745916,42.848433,1.2879,29107717.9833333,9.40974150546116,0,1,1,58.7580532550509,4578937,14851,3519,1431,5118,5411130,31.34
321938,62.5522394579121,60.5772884562701,64.62,68.05,73.6569789934876,42.814422,1.2978,32259054.7333333,10.0202693479283,0,1,1,59.4881385199074,4087533,12017,4410,1415,5253,4537944,32.26
319200,62.6687957506613,60.2416434479531,65.27,68.79,74.2642055221144,41.6955,1.254,33058635.5833332,10.3567154083124,0,1,1,59.9949964525424,4452855,13504,3336,1525,5018,4555675,32.8
279855,64.3525358514614,61.653863729825,67.51,69.87,77.3084030040596,40.862247,1.2093,34257303.1833333,12.241090272939,0,1,1,63.9635103995071,4485823,11034,1622,1340,3911,4452103,30.42
275190,64.9455799105447,61.825180775541,68.82,70.86,81.3364412635094,40.316094,1.1778,32025169.6833332,11.637475810652,0,1,1,65.7607243353728,3927229,12689,2005,1087,3679,4652119,31.82
267009,64.9974298545162,61.2124682823138,69.69,71.19,81.9329125358097,38.533995,1.1205,31663952.0333332,11.8587583314919,0,1,1,67.4236197552489,4310569,14164,1241,1357,3407,5084198,31.46
291381,65.1985829507868,61.4768917440376,69.78,71.48,83.6336600111817,41.78279,1.201,33788269.1833332,11.595906796714,0,1,1,67.2432650164266,3704852,15459,1252,1746,2968,5179969,29.71
293577,65.4632281466111,62.2256787290341,70.28,71.54,80.6064995236446,42.932318,1.2298,32828548.4333332,11.1822617007917,0,1,1,68.407642991487,3851939,17571,1951,1800,3460,5302547,28.97
270609,63.5027690291154,59.7795052564692,68.31,71.76,79.8746118695704,43.22565,1.2315,34115744.6333332,12.6070251297382,0,1,1,63.1400125496877,4296900,17174,1483,2083,3376,6408344,29.42
287134,62.8479037653639,59.5742304954917,67.75,71.57,79.6821447028976,42.585444,1.2276,31169411.8333332,10.8553538881962,0,1,1,62.0022072927565,4057500,13731,2310,2004,3844,5901675,30.32
297252,62.4824159769992,59.2194254683634,67.06,70.97,78.1542872019992,41.613396,1.2111,30143077.4058332,10.1405801830882,0,1,1,61.1927015187419,3634316,17527,3470,1515,5491,4555343,32.12
284906,62.8762843856592,59.8947264724868,66.58,70.5,77.7996126202789,41.431104,1.2072,30476142.4558332,10.6969114219543,0,1,1,60.7051442747415,4217165,13235,2974,1224,4938,5260867,31.98
322962,61.4508697871484,58.5119444728021,65.09,69.65,76.2581946568608,40.350735,1.2063,30426579.3058332,9.42110195807347,0,1,1,58.2604434266139,4515063,14462,4415,1399,5520,5704218,31.44
322751,61.0175590752091,57.9333543492911,65.47,70,76.233276520142,38.518488,1.2022,32661025.0558332,10.1195736204793,0,1,1,58.6762644502583,4129116,12861,5213,1951,5957,4565920,30.05
328625,59.4432273413713,55.5425898383717,64.46,69.52,75.6077280391537,37.465428,1.2012,32318964.6558333,9.83460316647648,0,1,1,56.8733322618974,4601139,12257,4344,1978,5407,5208261,29.3
284820,60.481425311023,56.2423241781188,65.31,69.52,77.8284820566535,37.1109,1.201,33771337.2558332,11.8570807021393,0,1,1,58.9763981954969,4451085,11210,1581,1321,4052,4586572,27.68
266345,61.500562855695,56.7772404927459,66.28,70.2,78.8069500141541,37.25502,1.201,32000475.0058333,12.0146708238688,0,1,1,60.3912754713314,4339105,12838,1276,1034,3533,4562939,27.48
260897,61.3714649361652,56.2789330757621,67.33,70.6,78.6887402329779,37.522364,1.2011,31302751.1558332,11.998126140137,0,1,1,62.4419706809052,4278263,13470,985,1360,3217,5122579,27.66
288629,62.3189239770984,57.4129079419186,68.14,71.75,78.6951721208735,38.781512,1.2089,32365237.2058333,11.2134391228301,0,1,1,62.7332808002736,3920394,13661,320,1371,2615,4833158,26.95
280055,63.3385128136377,58.7978568218964,68.83,72.36,79.2336316705486,40.116968,1.2098,34233352.6558332,12.2237962742437,0,1,1,63.5395995441805,4242904,19313,906,1822,3155,6381647,26.75
258999,62.9373623150626,58.4898003130151,68.24,72.74,78.1474295990729,41.061164,1.2052,33100394.4058332,12.7801244042769,0,1,1,61.4826085338838,4230904,18927,1218,1406,3210,6313003,28.23
274590,63.0009936289706,59.3679292141836,68.43,72.65,77.3178815379892,41.339129,1.2091,31892722.1058332,11.614669909987,0,1,1,62.0998070475586,4294670,13629,2333,1210,3548,5330229,28
287597,63.2184650520291,59.8607001416189,67.46,71.16,76.2742946522855,42.15724,1.228,28033457.3833332,9.7474790708294,0,1,1,61.9254149383418,3894043,16508,1378,1700,4348,5463275,27.85
267079,62.8912591968677,59.8667140114111,67.34,71.7,74.6668495681732,41.948478,1.2298,30993774.5333333,11.60472164915,0,1,1,60.8021025983757,3994473,13525,1270,1446,3997,4937448,29.21
304130,62.4933010233316,59.3042384340567,66.25,71.27,74.30906906375,41.783448,1.2264,29629085.1833333,9.74224350880654,0,1,1,58.7203638392255,4553485,13760,1682,1553,4299,5689638,29.74
302929,62.0619032853459,59.4418537531756,65.72,70.79,73.8525234822264,41.704962,1.2198,32651658.2333333,10.7786505198688,0,1,1,58.1163386915835,4491454,13711,2682,1486,4923,4929398,30.33
314730,62.2372054231872,58.8263520457165,66.35,71.71,73.819628039343,42.49055,1.2406,32304012.4333332,10.2640397907201,0,1,1,58.3060985719686,4825371,11710,2582,1567,4857,5227788,29.51
278031,66.0507547029956,62.8372175602378,69.86,73.47,76.8137302653762,43.979168,1.2326,33872026.7833333,12.1828237798423,0,1,1,64.453389829807,4370140,10178,922,1496,3103,4387797,34.18
270443,67.7356349352541,64.4497620970884,71.03,74.25,81.6495831090278,44.893684,1.2364,31490054.2833333,11.6438784820954,0,1,1,66.2028636553642,4530718,11563,1821,1341,3868,4931865,37.25
267313,68.3045613522022,65.2650242778526,71.86,74.44,82.3564081839992,45.463124,1.2334,31165259.8833332,11.6587146466252,0,1,1,67.9777500435729,4393065,13545,1742,1284,3295,4392697,38.97
291152,69.6539293112473,66.5682349321596,73.27,75.75,83.1970916594905,47.427272,1.2338,32029943.9833333,11.0011073196589,0,1,1,69.5539169258491,4248402,14947,1246,1371,3054,5227329,39.97
290998,70.0025937898843,67.5233752961791,72.95,76.21,79.7645036375773,48.51716,1.2314,33279914.7833333,11.4364754339663,0,1,1,68.0534404672306,4319078,17610,1631,1529,3479,6098333,40.09
269059,70.8712346924279,67.3954482488535,72.88,76.65,78.5108040989132,49.534699,1.2319,32988740.8333333,12.2607832606727,0,1,1,67.2327969743682,4108584,18623,1112,1279,3420,5993574,39.1
285152,70.1763265606966,67.8155601932261,73.27,76.48,78.61164757501,49.253229,1.2249,37506704.1333333,13.1532320072569,0,1,1,68.4501942554604,4420491,14589,2400,1396,3987,5603914,38.31
300456,70.3170937623698,67.9468687933689,73.47,77.3,77.3317419138619,49.383432,1.2312,24423749.05,8.12889376481082,0,1,1,67.7360929793516,3888168,16664,2845,1351,4887,5392372,40.4
278637,69.8454620355528,67.6666690047816,72.55,76.82,76.7815104565732,48.839787,1.2213,31717395.7,11.3830523943338,0,1,1,66.1555479335891,4073536,12919,2049,1584,4105,4636237,40.41
317478,69.0484603152019,66.9472419224956,71.33,75.92,75.6088712866316,47.85954,1.2178,29573460.55,9.31512122099799,0,1,1,64.4515517503152,4426187,12848,2678,1774,4971,4690452,41.04
325646,67.5795589849055,65.2420083730922,70.86,75.44,74.9371157195829,46.44771,1.2191,31792963.15,9.76304427200088,0,1,1,63.9732798068525,5094815,11751,4456,1774,5201,5081289,40.24
325808,67.6665804210619,65.0860834303009,70.96,75.71,75.9528583694978,45.655164,1.2204,31250662.7,9.59174197686981,0,1,1,63.8453158906127,4528610,11070,4187,1384,4722,4971822,40.46
290436,68.5004152138086,65.9228290425062,71.55,75.16,77.7513337875936,45.581302,1.2181,35212171.35,12.1239003945792,0,1,1,66.1409588858955,4793110,9981,2365,1276,3774,4326871,30.01
281470,69.0373001564107,65.6489267302219,73.2,76.34,83.6028792737055,44.6148,1.215,32113515.85,11.4092144278253,0,1,1,68.4823830500208,4686027,11574,2014,934,4168,5310716,30.37
272033,69.1588665121079,65.6658352631053,73.52,76.71,83.9892601072502,44.47673,1.2119,31732881.05,11.6650851367297,0,1,1,68.7408169157736,4268411,13388,1453,1374,3031,4994571,26.97
296464,69.3645448398483,65.5885838909683,73.93,77.48,84.3455079063587,43.71874,1.2077,31923679.1499999,10.7681469419558,0,1,1,68.6118895073926,4470381,15854,1073,1291,2891,5741184,26.86
293667,67.3237679230497,63.4688578615371,72.67,77.25,79.7436847410074,42.369624,1.2078,35262303.75,12.0075812910542,0,1,1,65.8047197838324,4335027,17162,1599,1573,3507,6236993,26.45
272396,66.0608728502422,61.7815686735842,72.32,77.19,78.9682168693105,41.152972,1.2026,33493408.85,12.2958519398229,0,1,1,65.0251244550671,4348938,17583,1920,1837,2936,5836767,23.86
286041,64.869103222963,60.4373784881893,71.59,76.47,78.1572865919352,39.49884,1.2024,33216442.15,11.612475886324,0,1,1,64.2704568582996,4931795,14894,2264,1613,4243,6455936,23.94
295548,63.3674176230874,58.5559895308296,70.47,76.17,77.7721919788206,34.464654,1.0983,28732368.3166667,9.72172652721949,0,1,1,61.9208573874494,3999463,14646,2325,1106,4506,5195744,24.98
272350,61.0096693916713,56.3434043469255,66.94,72.94,75.4915515376976,33.303105,1.0623,32425150.6166667,11.9056914325929,0,1,1,57.9382917681426,4067134,13436,2486,1236,4259,5509315,24.69
312339,59.1181256574464,54.7741000535088,65.22,71.69,72.6554864382329,33.184952,1.0609,30601460.4666667,9.79751502907631,0,1,1,55.5190272437694,5227537,14562,3324,1275,4725,5945842,25.93
316802,58.8585206688646,54.5646695130708,64.98,71.46,72.7209296606389,32.215346,1.0382,34111304.2166666,10.7673891631576,0,1,0,55.2739352331854,4453741,11512,4157,1609,5061,5326571,24.86
321920,59.209653813004,54.5644655459615,65.27,72.33,72.5524444627469,31.485144,1.0398,34387265.4166667,10.6819288694914,0,1,0,54.6845710349562,4753437,9929,2833,1566,4456,4418696,23.39
283795,60.5592633849157,55.8224151278526,66.26,72.2,77.0673953434887,31.009664,1.0448,35578512.7666667,12.5366947150819,0,1,0,57.3562823107747,5015754,10956,878,1246,3358,4774424,24.87
267466,62.1589683212753,56.9650689519433,67.47,72.63,82.0474610953574,30.792768,1.0488,34465397.9166667,12.885898737285,0,1,0,59.7365082160184,4672136,12956,1096,839,3429,5116447,19.76
266817,62.8922704821555,58.0972625888238,68.13,73.06,82.386977576682,31.709862,1.0782,33728463.1166666,12.6410472783468,0,1,0,60.7423769280837,4781729,13260,697,1390,2853,4530018,22.58
292261,64.0311233556264,59.0065946003427,69.08,74.24,83.4773536929021,32.393706,1.0918,34494277.7666667,11.8025592763546,0,1,0,61.3452875682457,4439292,13345,922,1336,2828,5589536,21.67
291878,64.7763601745779,60.406988573911,69.39,75.11,80.8882995563207,32.85458,1.0879,34956565.7666667,11.9764304835125,0,1,0,60.8228474873117,4383459,16829,1949,1583,3386,5680211,23.08
274573,64.3200597067118,59.5036085516504,68.57,74.22,79.4311293602612,32.84739,1.083,34488599.3666666,12.5608123765507,0,1,0,60.1003275211154,4594496,17472,1708,1309,3410,6109957,23.68
290431,62.9301161992696,58.2117903193474,67.09,72.11,78.0742412513172,32.64162,1.083,35511171.2666666,12.2270595310647,0,1,0,59.5673663223079,5077930,13488,3003,984,4573,6033572,24.03
301799,62.59,58.07,66.93,72.27,77.47,32.424312,1.0932,28094287.8166667,9.30893999538324,0,1,0,58.9272214042882,3940186,14978,2772,1433,5016,4640311,21.22
289459,61.02,56.42,65.9,72.17,75.06,32.06238,1.1018,31814758.7666666,10.9911105775487,0,1,0,56.4985172102815,4597733,14965,2166,1383,4669,5150395,19.99
313726,59.4,53.96,65.12,71.13,73.79,31.01564,1.0921,31986213.6166667,10.1955890224803,0,1,0,56.1142630793592,5328737,13168,2909,1565,4847,6312570,20.29
318052,57.39,51.06,63.52,70.71,73.12,30.06025,1.0931,33389289.9666667,10.4980600551692,0,1,0,52.7276257726014,4681406,12355,4375,1440,5401,4912446,20.32
318271,58.06,51.08,64.46,71.29,73.79,29.07202,1.1054,33879934.6666667,10.6449958264079,0,1,0,54.2307223547179,5335659,10988,4223,1228,4967,5011867,20.11
273142,59.31,52.43,64.21,70.81,77.12,28.157283,1.0901,35158598.4666667,12.8719122166004,0,1,0,54.3201254821038,5297398,11005,1620,1040,3345,4914202,22.86
259697,61.23,54.38,65.56,71.36,83.71,28.102062,1.0867,32984541.5666667,12.7011638820112,0,1,0,56.8714965937986,4845268,11568,1388,733,3022,4580399,25.96
257157,61.16,54.56,65.14,69.98,84.09,28.98454,1.0876,31641214.7166667,12.3042401010537,0,1,0,57.8692668707524,4959216,11857,1369,858,3312,5281508,28.46
284691,61.77,55.37,65.11,70.14,84.16,30.614366,1.0922,33768460.6666666,11.861442991407,0,1,0,57.5567559956576,4799517,13445,1083,1124,2649,5504546,28.76
283538,62.79,56.48,66.38,72.05,83.15,33.008139,1.0883,35952093.6666667,12.6798149336832,0,1,0,57.8719151923384,4510317,16188,2177,1209,3528,5907166,32.31
257317,62.03,55.56,65.74,71.72,80.37,34.654739,1.0759,34247281.5166667,13.3093738527445,0,1,0,56.7643737054596,4870742,17522,771,1348,1903,7226099,32.96
277127,61.66,55.56,65.68,71.68,80.01,35.896852,1.0754,43950420.0166667,15.8593063890082,0,1,0,56.6844829149576,5034507,13047,1767,1068,4951,6552163,33.23
282922,61.8771845578371,56.3223893047226,65.64,71.24,79.3612022892888,36.188514,1.0713,20482296.2166667,7.23955585520627,0,1,0,57.2495836395552,4038608,14259,1854,1369,4371,4672602,33.36
267147,60.3061616705115,54.4639361387086,64.1,70.25,75.7479743960764,35.835558,1.0659,32518978.1666667,12.1726907532807,0,1,0,54.8760568503216,4608559,12349,1542,1172,3632,5112657,33.53
308839,58.629144679392,52.7589473963659,63.3,69.59,74.253271806716,35.736628,1.0706,31818987.1666667,10.3027749625749,0,1,0,53.8631400873072,5498002,12254,2207,1465,3985,5635994,32.38
316393,58.4383799069416,52.338629186825,63.21,69.47,73.953091630839,35.846989,1.0723,34638167.2166667,10.9478298245115,0,1,0,53.8228808383575,5207892,9726,3858,1336,3798,4964677,32.84
316613,59.2803099781779,53.1580717066788,63.56,70.16,73.9700011387546,36.243422,1.0897,35210364.3666667,11.1209471394626,0,1,0,53.6643753745861,5750537,11520,2701,1437,3913,5469356,31.78
276013,60.9180577019737,54.2307112403326,64.52,70.51,78.9332659414508,36.453,1.0875,36796450.2666667,13.3314192688992,0,1,0,55.5380522593246,5398432,11929,1255,1115,3742,5082412,34.23
264699,63.5691052441027,57.2730993798772,66.58,71.17,82.5503136244531,38.224732,1.1054,34356756.2666667,12.9795565025431,0,1,0,59.6964854857133,4843182,13704,1461,1063,2952,4893614,33.98
260555,63.8236840247201,57.8881402582653,66.94,70.98,87.8754972758724,40.706512,1.1396,33340780.9166667,12.796062603545,0,1,0,60.8960235855647,5563543,12338,966,1073,3027,5567416,34.08
290689,64.8464406776585,58.6389953077594,67.5,72.21,89.3081829418541,42.741236,1.1468,34644686.9166667,11.918127936271,0,1,0,60.4386979542712,4945541,12832,1048,1176,2802,6069678,33.54
289685,66.5703522020024,61.4248639749348,68.57,72.49,87.2025026136202,43.698012,1.1542,36450452.2166667,12.5827889661759,0,1,0,62.6832856746015,4878599,15618,1595,1416,3263,6252481,33
270900,66.0625229499678,61.3804815638129,68.2,72.34,83.68053706579,44.394759,1.1643,36167662.7166667,13.3509275439892,0,1,0,61.9836910061339,4899398,16176,1590,1319,3400,7107180,30.77
289545,65.2613722455618,60.3250012160566,67.99,72.98,83.1288507815782,44.15313,1.169,42208126.8666667,14.5773979404468,0,1,0,60.4986139656376,5005605,12000,2614,1261,3732,6457384,30.85
301529,64.281918677281,59.1751826431864,67.55,72.8,82.0251937826743,41.9755,1.1725,23811272.0333333,7.89684310077417,0,1,0,59.6769497873863,4679715,15420,3262,2125,4285,5345315,31.21
278442,63.1792297529986,57.7338912299181,66.49,72.21,78.4675173875539,39.99996,1.1544,33076013.2333333,11.8789597953374,0,1,0,57.9045431426893,4777709,11646,2335,-38,3620,5419692,30.82
313882,60.9036001245237,54.8503617588916,64.97,71.3,77.0975437192662,39.496842,1.1682,32140012.3833333,10.2395207062951,0,1,0,55.4866127068667,5651895,12861,2992,1258,4599,6327435,30.62
319607,60.3093617530239,53.6373898851442,64.63,71.15,77.4591272707614,39.090135,1.18815,34260335.6333333,10.7195197956657,0,1,0,54.8553267282998,5209544,12126,3671,1625,4801,5162706,31.06
320896,60.6187152939807,53.3314967677499,64.61,71.77,78.2879988936759,38.1401432,1.17862,35504973.4833333,11.0643241060447,0,1,0,53.8760429710937,5681581,10605,3122,1788,4685,5494991,30.97
276254,63.3867119748251,56.8062791771636,66.55,72.5,81.8942681337515,37.5775104,1.15552,36739555.5833333,13.2991940689848,0,1,0,57.622352053827,5477116,10393,1149,1697,2934,5149809,31.29
267781,64.9705120827923,58.74,67.67,72.8,86.776084219894,38.4841152,1.16196,33815353.2333333,12.6279882565728,0,1,0,59.9786408686934,5400427,13811,878,1428,2693,4793653,31.34
258193,66.1044556418087,60.34,68.45,73.16,87.9300620462173,38.3546787,1.14049,34374035.8833333,13.3133105403064,0,1,0,61.3786966356089,5579004,13783,687,1056,2641,5480148,30.94
286309,66.8240281932767,61.37,68.76,73.19,88.6762279306106,39.3845298,1.12882,33749523.8833333,11.7877970595871,0,1,0,62.122554064615,4558578,13453,1463,758,2156,5632041,28.7
288491,66.9084706270268,61.73,68.9,73.51,88.4619574380286,41.0493237,1.14121,36552333.5833333,12.6701815943421,0,1,0,61.9850493845489,5405812,18417,1917,873,3362,6611895,27.87
264633,65.8425004482298,60.22,68.3,73.54,84.5767150363614,41.1874266,1.13746,35218955.0333333,13.3086028701384,0,1,0,60.4336694791678,5005436,15976,1539,705,2826,7360099,29.22
278417,64.9608083077625,59.41,67.84,73.33,84.0319878259384,40.4739263,1.12961,35504435.1333333,12.7522511676131,0,1,0,59.6017767203222,4941491,13641,2480,1173,5663,5581141,29.4
286718,64.2716377735818,58.35,67.75,73.13,84.0143101696098,39.8858229,1.12959,23486576.6033333,8.19152498389823,0,1,0,59.6822297654423,4965425,15534,2131,1250,4397,6002841,29.99
267882,61.4814687028093,55.24,65.48,71.35,79.7378954278801,40.042418,1.1366,32101521.0033333,11.9834557765484,0,1,0,56.6757489736011,4814818,13070,2301,1279,3913,5135828,30.44
310089,60.3932480180362,54.32,64.47,70.75,76.5596345863676,39.3631455,1.13145,30461486.4033333,9.82346565125926,0,1,0,55.0530108203819,5246703,12132,2866,1712,4378,5781565,30.56
313862,60.3543409967383,54.21,64.81,71.23,76.8442072790026,39.1296906,1.13157,34752001.1533333,11.0723824971909,0,1,0,55.1808209192571,5915831,13020,3790,1444,4879,5837433,29.43
320254,60.4836963720922,54.01,64.96,71.58,76.853821520572,38.7062571,1.13077,35287725.7533333,11.0186682300091,0,1,0,55.017343375729,5571111,11947,3375,1652,4816,5251391,28.85
277958,63.1768203159518,56.82,66.61,72.02,81.6100542312072,37.994495,1.1165,32674755.7033333,11.7552852241466,0,1,0,58.4910862177152,5300596,9438,1896,1211,3296,4782234,28.75
260730,65.312003690443,58.98,68.1,72.7,84.8985279234731,37.4698544,1.10792,38337265.6533333,14.7038183766093,0,1,0,61.1911221520797,5912655,13000,695,1184,3019,5372875,29.31
257232,66.86960975125,60.93,69.52,73.82,86.1449361451608,37.0590066,1.08933,32403346.8033333,12.5969345973026,0,1,0,63.0839312855478,5242324,12038,1061,1319,2457,5388526,28.44
285128,68.7729649196037,63.42,71.14,74.9,87.0240104244546,37.842085,1.09055,33253493.6533333,11.6626545457946,0,1,0,65.4884304752502,5184533,12773,1102,646,2340,6243368,29.36
283192,68.1040530459169,62.98,70.33,74.3,85.6718206638092,38.679017,1.0979,34948345.4033333,12.3408660567154,0,1,0,64.3862487757232,5496372,16431,1442,1035,3065,7388134,29.17
258065,66.9412625418888,61.38,69.73,74.85,82.3542821673363,39.1248792,1.09778,35638708.2033333,13.8099735350913,0,1,0,62.0456936751258,5147206,16976,1475,1230,2567,7381986,31.69
278165,66.4648585737704,61.03,69.34,74.46,81.8406017417142,39.0983985,1.09305,40897389.6533333,14.7025648997298,0,1,0,61.6773889907947,5337982,13399,2066,1421,3598,6724109,33.8
286931,65.7846076830532,60.74,68.84,73.18,81.1426043616401,37.9208674,1.07638,25034516.325,8.72492561800572,0,1,0,62.8503667289045,5074653,14325,2418,1501,3915,5975875,33.91
277692,63.6473661383096,58.42,67.21,72.15,76.1606156519573,37.5107088,1.06504,31050225.525,11.1815340467136,0,1,0,60.3642018260118,5066461,12201,2019,1246,3772,5598323,31.84
308012,63.2931736828199,58.08,66.67,71.81,74.767375243853,36.6632724,1.05902,34426401.875,11.1769677398933,0,1,0,59.563397597054,6561955,12512,1988,1435,4243,6500365,31.19
316266,63.1177880125028,57.68,66.9,72.43,75.2824358407797,35.4496004,1.05442,35329890.775,11.1709417942491,0,1,0,59.2584803573287,6362248,12201,3119,1448,5193,4959894,31.06
314324,62.7195822049321,57.02,66.67,72.56,74.1531896710333,34.893885,1.05675,33744156.125,10.735469173528,0,1,0,58.5384697647469,6809676,10506,2127,1412,3907,4759394,31.44
271730,65.2483344829631,59.11,68.16,72.8,79.9665294356801,34.831225,1.07173,38965780.575,14.3398890718728,0,1,0,61.7238125411344,6830397,12278,1063,845,2916,5761798,28.71
265095,67.4850930398356,61.83,69.62,73.37,85.0626660947113,35.0929568,1.07056,33719511.325,12.7197839736698,0,1,0,64.4514333714274,6107970,11033,901,571,2660,5160180,28.82
258140,68.440371440069,62.55,70.37,73.99,88.0397037125632,35.6521858,1.07678,33448268.425,12.957413971101,0,1,0,65.3696489838325,5808627,13401,1288,724,2124,5306143,27.13
289318,69.1535525299016,62.89,71.41,75.61,87.8462959497001,36.6106615,1.07837,34052725.575,11.7699989544377,0,1,0,65.7014639415419,5731666,13470,1309,817,2839,6449785,28.77
279059,69.5530088211282,63.64,71.87,75.85,87.5899441867653,37.6648293,1.07399,35350434.275,12.6677277117025,0,1,0,66.3838456901399,5768128,15904,1587,586,3208,6921143,29.14
262282,67.8774007276628,61.49,71.2,76.09,83.0916685608082,38.0850334,1.07798,35952863.125,13.7077127385791,0,1,0,64.4506094423663,5663681,14763,949,867,2693,7506261,30.86
276290,67.805719587393,61.72,70.96,75.62,83.4584329198288,38.2764084,1.08156,34007767.075,12.3087216602121,0,1,0,64.5327479049829,5913347,12155,2086,976,3856,7401045,31.1
286358,68.9847671780542,63.7,71.95,76.02,82.5415449453217,37.6355397,1.07931,32317092.2016667,11.2855559131111,0,1,0,66.3313218287511,5389229,13261,2013,1474,3761,5320970,32.33
272175,67.0192035200525,61.86,70.32,74.8,78.0922596839626,37.9613338,1.08554,33135084.0016667,12.1741835222437,0,1,0,64.1226281620483,5948182,11886,2115,1057,3829,6028207,34.58
312144,66.8243018649085,61.24,70.37,75.64,76.54,38.9064608,1.10624,30442008.5016667,9.75255282871581,0,1,0,63.000942087179,8097810,13961,2597,1568,4477,7387474,34.62
317004,66.4414410710519,60.94,69.89,75.22,76.18,39.1877952,1.10326,38906583.5016667,12.2732153227299,0,1,0,62.4524583759393,6621507,11362,3004,1619,4772,5603795,34.18
325313,66.5935763512215,60.9,70.3,75.83,76.1,39.1773388,1.09679,36788898.2016667,11.3087697699344,0,1,0,62.5731648430214,6846355,10347,2925,1434,4166,5871978,34.12
282385,69.4391887371437,63.07,72.38,77.01,82.1,39.1316646,1.09398,38185812.3016667,13.5226064775631,0,1,0,65.9023562200264,6642838,9962,1939,1078,3265,5964788,35.88
262985,71.4772383433251,65.81,73.54,77.06,87.66,39.063546,1.0854,34779103.4016667,13.2247479520378,0,1,0,68.6143560194796,6167124,10872,1307,915,2669,5559372,35.91
251971,72.1895607807895,67.14,73.69,76.52,88.92,39.1778882,1.07602,33054659.7516667,13.1184381344149,0,1,0,69.7449568019414,6265475,13705,985,1229,2432,6335305,36.04
281144,72.9125898398667,67.68,74.61,77.62,88.82,40.4950755,1.08595,32219190.8516667,11.4600314613389,0,1,0,70.4164526760504,6140270,12662,1129,820,2364,6972671,38.8
284550,73.4234295443873,68.8,74.76,77.67,89,41.4405916,1.07137,36274623.9516667,12.7480667551104,0,1,0,70.6703031065979,5519829,15290,1321,976,2659,7062554,40.66
258127,71.9644772191017,66.9,74.26,78.06,84.15,42.1183651,1.05217,35392132.1516667,13.7111314010803,0,1,0,68.9346684593978,5911874,18068,863,1350,2227,8339564,40.66
271124,71.8930588975399,67.27,74.1,77.77,84.09,42.9633984,1.04078,32889339.3016667,12.1307369696769,0,1,0,68.984994643494,6243335,12099,1521,1141,3079,7332716,42
283791,71.5550806667274,67.51,73.58,76.62,82.87,43.4899258,1.04018,34092358.5833333,12.0131923081892,0,1,0,69.2984747374163,5231614,14145,2087,1494,3558,5249306,43.46
265036,69.9363343380686,65.4,72.66,76.48,80.09,44.459675,1.04611,30295916.5333333,11.4308684606368,0,1,0,67.2642528404333,5564991,11819,1873,1257,3271,5797629,42.96
295400,69.125612088116,64.71,71.45,75.27,79.95,44.9995536,1.02458,35368930.7333333,11.9732331527872,0,1,0,66.1016818105778,6963745,12484,2165,1377,3905,6643214,45.46
306400,70.3267139170682,66.59,72.45,76.05,79.81,47.2341156,1.02172,36945077.7833333,12.0577930102263,0,1,0,67.4326623067046,5987486,10627,3085,1368,3897,5064178,44.24
312489,72.494804725031,68.37,75.11,78.86,79.88,49.7133209,1.03591,34524229.3333333,11.048142281275,0,1,0,69.8643098616939,6944476,10692,3061,1594,4158,5308678,42.8
265197,75.0608181499954,70.9,76.56,79.17,86.17,50.63253,1.02495,38419458.2833333,14.4871391016238,0,1,0,72.9120147215608,6702387,9850,1153,1410,2654,5362292,43.39
259487,78.559651043332,75.23,78.89,80.3,95.91,50.449162,0.98765,33424829.3833333,12.8811190477108,0,1,0,76.9112835357209,5764761,11568,996,1495,2273,5423890,42.77
253298,79.3939986677274,75.96,80,81.85,96.85,50.7460063,0.96899,33096017.4833333,13.06603979634,0,1,0,77.4163469968119,6202136,14831,584,1325,2685,6060099,43.5
281858,80.0723713413071,76.49,81.18,83.21,98.07,52.5772807,0.96419,33576554.5333333,11.9125781540114,0,1,0,78.3414051534015,6057757,13013,1079,1040,2555,6276509,42.12
274292,80.9162299654814,78.11,80.99,82.77,97.44,55.4499936,0.97899,34576925.6833333,12.6058819372542,0,1,0,78.5092914827493,5748727,15801,1967,1372,2981,6560569,40.64
261813,78.9005300480268,75.34,79.83,82.4,93.34,56.863011,0.9843,34187054.9333333,13.0578141396086,0,1,0,76.2621883091121,6116215,17735,1343,1362,2550,7858033,40.65
273543,79.5320315910509,76.18,80.35,82.79,93.6105219903747,57.465955,0.98654,40723646.7333333,14.8874753634103,0,1,0,76.9710896077943,5813578,12632,2039,1710,3223,6981000,41.06
287430,78.4501925485747,75.1077728921643,79.8240534236998,82.0109147312569,92.4694398391389,55.525401,0.99615,NA,NA,0,1,0,76.7806497299504,5631414,14422,3027,1462,4230,4870217,38.34
267777,76.5216238937149,72.4816036317263,79.1615838086606,82.7445953907977,87.7123258141875,52.830603,0.99045,NA,NA,0,1,0,74.2136155969988,5527099,12463,2898,1082,3925,5209616,37.96
307226,74.4775492334386,70.6273405556309,76.613043264159,80.3926474045204,85.3994469900152,49.7929377,0.99051,NA,NA,0,1,0,71.3935909469033,6950846,12562,3054,1511,4338,6416541,36.59
310422,73.7540538294815,69.2038746464313,76.7566909020893,81.4390092902672,85.2572701075189,46.7972208,0.98479,NA,NA,0,1,0,70.2906333583002,5605502,10257,3749,1688,4615,4750826,35.26
